action	old_reference	source	new_reference	note
local_archive_image	/squarespace_images/content_v1_4fffa949e4b0b4590d67b4e7_00c82f59-57b9-4276-b0ce-a2797545ba97_transformative_principal_book_study_logo_banner.png_	/Users/jethrojones/jethro/to add to jethro site/squarespace_images/content_v1_4fffa949e4b0b4590d67b4e7_00c82f59-57b9-4276-b0ce-a2797545ba97_transformative_principal_book_study_logo_banner.png	/assets/squarespace/content_v1_4fffa949e4b0b4590d67b4e7_00c82f59-57b9-4276-b0ce-a2797545ba97_transformative_principal_book_study_logo_banner.png	optimized 128319->128319 resize_intermediate=128319
local_archive_image	/squarespace_images/content_v1_4fffa949e4b0b4590d67b4e7_1345046640108-H6X6M21HNTG1AZFLT0ID_file_	/Users/jethrojones/jethro/to add to jethro site/squarespace_images/content_v1_4fffa949e4b0b4590d67b4e7_1345046640108-H6X6M21HNTG1AZFLT0ID_file_	/assets/squarespace/content_v1_4fffa949e4b0b4590d67b4e7_1345046640108-H6X6M21HNTG1AZFLT0ID_file.jpg	optimized 44649->42883 resize_intermediate=44649
local_archive_image	/squarespace_images/content_v1_4fffa949e4b0b4590d67b4e7_1347429186594-DXX5DN9CA7JNNAAJCPBY_00000097.png_	/Users/jethrojones/jethro/to add to jethro site/squarespace_images/content_v1_4fffa949e4b0b4590d67b4e7_1347429186594-DXX5DN9CA7JNNAAJCPBY_00000097.png	/assets/squarespace/content_v1_4fffa949e4b0b4590d67b4e7_1347429186594-DXX5DN9CA7JNNAAJCPBY_00000097.png	optimized 123594->121050 resize_intermediate=123594
local_archive_image	/squarespace_images/content_v1_4fffa949e4b0b4590d67b4e7_1347429225174-J6WBDUM2FDL2SF9NVO00_school-bus-image.png_	/Users/jethrojones/jethro/to add to jethro site/squarespace_images/content_v1_4fffa949e4b0b4590d67b4e7_1347429225174-J6WBDUM2FDL2SF9NVO00_school-bus-image.png	/assets/squarespace/content_v1_4fffa949e4b0b4590d67b4e7_1347429225174-J6WBDUM2FDL2SF9NVO00_school-bus-image.png	optimized 4558->4558 resize_intermediate=4558
local_archive_image	/squarespace_images/content_v1_4fffa949e4b0b4590d67b4e7_1348372483668-Y1C50UFI5BC2F3FEDU4W_keyword+up.png_	/Users/jethrojones/jethro/to add to jethro site/squarespace_images/content_v1_4fffa949e4b0b4590d67b4e7_1348372483668-Y1C50UFI5BC2F3FEDU4W_keyword+up.png	/assets/squarespace/content_v1_4fffa949e4b0b4590d67b4e7_1348372483668-Y1C50UFI5BC2F3FEDU4W_keyword+up.png	optimized 94874->92330 resize_intermediate=94874
local_archive_image	/squarespace_images/content_v1_4fffa949e4b0b4590d67b4e7_1348372638315-0UMON75F0Q0N3CK3ZO7S_Keyword+down.png_	/Users/jethrojones/jethro/to add to jethro site/squarespace_images/content_v1_4fffa949e4b0b4590d67b4e7_1348372638315-0UMON75F0Q0N3CK3ZO7S_Keyword+down.png	/assets/squarespace/content_v1_4fffa949e4b0b4590d67b4e7_1348372638315-0UMON75F0Q0N3CK3ZO7S_Keyword+down.png	optimized 94886->92342 resize_intermediate=94886
local_archive_image	/squarespace_images/content_v1_4fffa949e4b0b4590d67b4e7_1357802765103-IXM0MIVD2M9TOIMD5BMF_Paperless+Pricnipal+Cover.png_	/Users/jethrojones/jethro/to add to jethro site/squarespace_images/content_v1_4fffa949e4b0b4590d67b4e7_1357802765103-IXM0MIVD2M9TOIMD5BMF_Paperless+Pricnipal+Cover.png	/assets/squarespace/content_v1_4fffa949e4b0b4590d67b4e7_1357802765103-IXM0MIVD2M9TOIMD5BMF_Paperless+Pricnipal+Cover.png	optimized 842081->842081 resize_intermediate=842081
local_archive_image	/squarespace_images/content_v1_4fffa949e4b0b4590d67b4e7_1357802869712-ST2UABXKFHXWCKGZ80KI_iBookstore_Badge.gif_	/Users/jethrojones/jethro/to add to jethro site/squarespace_images/content_v1_4fffa949e4b0b4590d67b4e7_1357802869712-ST2UABXKFHXWCKGZ80KI_iBookstore_Badge.gif	/assets/squarespace/content_v1_4fffa949e4b0b4590d67b4e7_1357802869712-ST2UABXKFHXWCKGZ80KI_iBookstore_Badge.gif	unchanged-gif
local_archive_image	/squarespace_images/content_v1_4fffa949e4b0b4590d67b4e7_1378330212694-7KHHIRQ9ZKHVJLYQ6X4Y_Screen+Shot+2013-09-04+at+3.09.00+PM.png_	/Users/jethrojones/jethro/to add to jethro site/squarespace_images/content_v1_4fffa949e4b0b4590d67b4e7_1378330212694-7KHHIRQ9ZKHVJLYQ6X4Y_Screen+Shot+2013-09-04+at+3.09.00+PM.png	/assets/squarespace/content_v1_4fffa949e4b0b4590d67b4e7_1378330212694-7KHHIRQ9ZKHVJLYQ6X4Y_Screen+Shot+2013-09-04+at+3.09.00+PM.png	optimized 62105->62105 resize_intermediate=62105
local_archive_image	/squarespace_images/content_v1_4fffa949e4b0b4590d67b4e7_1378330892417-GM0RFSXGN6L6IHFAKNL4_Hazel+rule_	/Users/jethrojones/jethro/to add to jethro site/squarespace_images/content_v1_4fffa949e4b0b4590d67b4e7_1378330892417-GM0RFSXGN6L6IHFAKNL4_Hazel+rule_	/assets/squarespace/content_v1_4fffa949e4b0b4590d67b4e7_1378330892417-GM0RFSXGN6L6IHFAKNL4_Hazel+rule.png	optimized 69882->69882 resize_intermediate=69882
local_archive_image	/squarespace_images/content_v1_4fffa949e4b0b4590d67b4e7_1378331780533-A1XNE1SUVXEK2O1STUYK_printinstagram.png_	/Users/jethrojones/jethro/to add to jethro site/squarespace_images/content_v1_4fffa949e4b0b4590d67b4e7_1378331780533-A1XNE1SUVXEK2O1STUYK_printinstagram.png	/assets/squarespace/content_v1_4fffa949e4b0b4590d67b4e7_1378331780533-A1XNE1SUVXEK2O1STUYK_printinstagram.png	optimized 77168->74624 resize_intermediate=77168
local_archive_image	/squarespace_images/content_v1_4fffa949e4b0b4590d67b4e7_1384299833465-4D34OJXDG1096V04TJLD_2013-11-12+15.56.13.png_	/Users/jethrojones/jethro/to add to jethro site/squarespace_images/content_v1_4fffa949e4b0b4590d67b4e7_1384299833465-4D34OJXDG1096V04TJLD_2013-11-12+15.56.13.png	/assets/squarespace/content_v1_4fffa949e4b0b4590d67b4e7_1384299833465-4D34OJXDG1096V04TJLD_2013-11-12+15.56.13.png	optimized 3725196->4102360 resize_intermediate=4102360
local_archive_image	/squarespace_images/content_v1_4fffa949e4b0b4590d67b4e7_1384299879886-0WVS0K5S7BP0HITT8LA9_2013-11-12+15.56.19.png_	/Users/jethrojones/jethro/to add to jethro site/squarespace_images/content_v1_4fffa949e4b0b4590d67b4e7_1384299879886-0WVS0K5S7BP0HITT8LA9_2013-11-12+15.56.19.png	/assets/squarespace/content_v1_4fffa949e4b0b4590d67b4e7_1384299879886-0WVS0K5S7BP0HITT8LA9_2013-11-12+15.56.19.png	optimized 1990859->2547225 resize_intermediate=2547225
local_archive_image	/squarespace_images/content_v1_4fffa949e4b0b4590d67b4e7_1387317948140-LUD12G3CKL689X3OD79L_2013-12-16+17.02.07.jpg_	/Users/jethrojones/jethro/to add to jethro site/squarespace_images/content_v1_4fffa949e4b0b4590d67b4e7_1387317948140-LUD12G3CKL689X3OD79L_2013-12-16+17.02.07.jpg	/assets/squarespace/content_v1_4fffa949e4b0b4590d67b4e7_1387317948140-LUD12G3CKL689X3OD79L_2013-12-16+17.02.07.jpg	optimized 896625->437231 resize_intermediate=437231
local_archive_image	/squarespace_images/content_v1_4fffa949e4b0b4590d67b4e7_1387317989812-W5TJ46RTLDQVI92R7RWZ_2013-12-16+17.02.19.jpg_	/Users/jethrojones/jethro/to add to jethro site/squarespace_images/content_v1_4fffa949e4b0b4590d67b4e7_1387317989812-W5TJ46RTLDQVI92R7RWZ_2013-12-16+17.02.19.jpg	/assets/squarespace/content_v1_4fffa949e4b0b4590d67b4e7_1387317989812-W5TJ46RTLDQVI92R7RWZ_2013-12-16+17.02.19.jpg	optimized 1076345->531790 resize_intermediate=531790
local_archive_image	/squarespace_images/content_v1_4fffa949e4b0b4590d67b4e7_1387434883631-1T206QV48N0YX4Q80K6Y_image.jpg_	/Users/jethrojones/jethro/to add to jethro site/squarespace_images/content_v1_4fffa949e4b0b4590d67b4e7_1387434883631-1T206QV48N0YX4Q80K6Y_image.jpg	/assets/squarespace/content_v1_4fffa949e4b0b4590d67b4e7_1387434883631-1T206QV48N0YX4Q80K6Y_image.jpg	optimized 1040942->504525 resize_intermediate=504525
local_archive_image	/squarespace_images/content_v1_4fffa949e4b0b4590d67b4e7_1387434907529-DTU1MQYFFDG8BBNSHQV4_image.jpg_	/Users/jethrojones/jethro/to add to jethro site/squarespace_images/content_v1_4fffa949e4b0b4590d67b4e7_1387434907529-DTU1MQYFFDG8BBNSHQV4_image.jpg	/assets/squarespace/content_v1_4fffa949e4b0b4590d67b4e7_1387434907529-DTU1MQYFFDG8BBNSHQV4_image.jpg	optimized 871468->404746 resize_intermediate=404746
local_archive_image	/squarespace_images/content_v1_4fffa949e4b0b4590d67b4e7_1389932887013-X36OZT1WYHDKQQFY3M3I_aptm-data.png_	/Users/jethrojones/jethro/to add to jethro site/squarespace_images/content_v1_4fffa949e4b0b4590d67b4e7_1389932887013-X36OZT1WYHDKQQFY3M3I_aptm-data.png	/assets/squarespace/content_v1_4fffa949e4b0b4590d67b4e7_1389932887013-X36OZT1WYHDKQQFY3M3I_aptm-data.png	optimized 99212->99212 resize_intermediate=99212
local_archive_image	/squarespace_images/content_v1_4fffa949e4b0b4590d67b4e7_1398921784924-VX3NYZ7QTV29BS87OEZ4_image-asset.png_	/Users/jethrojones/jethro/to add to jethro site/squarespace_images/content_v1_4fffa949e4b0b4590d67b4e7_1398921784924-VX3NYZ7QTV29BS87OEZ4_image-asset.png	/assets/squarespace/content_v1_4fffa949e4b0b4590d67b4e7_1398921784924-VX3NYZ7QTV29BS87OEZ4_image-asset.png	optimized 57035->57035 resize_intermediate=57035
local_archive_image	/squarespace_images/content_v1_4fffa949e4b0b4590d67b4e7_1398921829155-B5CIKEDVZW8MPL69TZ6P_image-asset.png_	/Users/jethrojones/jethro/to add to jethro site/squarespace_images/content_v1_4fffa949e4b0b4590d67b4e7_1398921829155-B5CIKEDVZW8MPL69TZ6P_image-asset.png	/assets/squarespace/content_v1_4fffa949e4b0b4590d67b4e7_1398921829155-B5CIKEDVZW8MPL69TZ6P_image-asset.png	optimized 113931->111387 resize_intermediate=113931
local_archive_image	/squarespace_images/content_v1_4fffa949e4b0b4590d67b4e7_1413008947690-6WY7N33GRL6V1Q0IMG9B_image.jpg_	/Users/jethrojones/jethro/to add to jethro site/squarespace_images/content_v1_4fffa949e4b0b4590d67b4e7_1413008947690-6WY7N33GRL6V1Q0IMG9B_image.jpg	/assets/squarespace/content_v1_4fffa949e4b0b4590d67b4e7_1413008947690-6WY7N33GRL6V1Q0IMG9B_image.jpg	optimized 1300345->695539 resize_intermediate=695539
local_archive_image	/squarespace_images/content_v1_4fffa949e4b0b4590d67b4e7_1415865632840-8YHKZHA9SWRT2EYGB047_image.jpg_	/Users/jethrojones/jethro/to add to jethro site/squarespace_images/content_v1_4fffa949e4b0b4590d67b4e7_1415865632840-8YHKZHA9SWRT2EYGB047_image.jpg	/assets/squarespace/content_v1_4fffa949e4b0b4590d67b4e7_1415865632840-8YHKZHA9SWRT2EYGB047_image.jpg	optimized 45484->45278 resize_intermediate=45484
local_archive_image	/squarespace_images/content_v1_4fffa949e4b0b4590d67b4e7_1416384980689-225ES31WXNWFWVLO0SSM_image.jpg_	/Users/jethrojones/jethro/to add to jethro site/squarespace_images/content_v1_4fffa949e4b0b4590d67b4e7_1416384980689-225ES31WXNWFWVLO0SSM_image.jpg	/assets/squarespace/content_v1_4fffa949e4b0b4590d67b4e7_1416384980689-225ES31WXNWFWVLO0SSM_image.jpg	optimized 148872->146263 resize_intermediate=148872
local_archive_image	/squarespace_images/content_v1_4fffa949e4b0b4590d67b4e7_1419193750079-EDX4U7P7LO04JUN9ES7M_image.jpg_	/Users/jethrojones/jethro/to add to jethro site/squarespace_images/content_v1_4fffa949e4b0b4590d67b4e7_1419193750079-EDX4U7P7LO04JUN9ES7M_image.jpg	/assets/squarespace/content_v1_4fffa949e4b0b4590d67b4e7_1419193750079-EDX4U7P7LO04JUN9ES7M_image.jpg	optimized 107445->105697 resize_intermediate=107445
local_archive_image	/squarespace_images/content_v1_4fffa949e4b0b4590d67b4e7_1423590648934-34U2HSP0WT321XXZJT9H_image-asset.jpeg_	/Users/jethrojones/jethro/to add to jethro site/squarespace_images/content_v1_4fffa949e4b0b4590d67b4e7_1423590648934-34U2HSP0WT321XXZJT9H_image-asset.jpeg	/assets/squarespace/content_v1_4fffa949e4b0b4590d67b4e7_1423590648934-34U2HSP0WT321XXZJT9H_image-asset.jpeg	optimized 57590->53842 resize_intermediate=57590
local_archive_image	/squarespace_images/content_v1_4fffa949e4b0b4590d67b4e7_1424598358530-406XIJZVPZO7NDN3GB3F_image-asset.jpeg_	/Users/jethrojones/jethro/to add to jethro site/squarespace_images/content_v1_4fffa949e4b0b4590d67b4e7_1424598358530-406XIJZVPZO7NDN3GB3F_image-asset.jpeg	/assets/squarespace/content_v1_4fffa949e4b0b4590d67b4e7_1424598358530-406XIJZVPZO7NDN3GB3F_image-asset.jpeg	optimized 68880->68880 resize_intermediate=68880
local_archive_image	/squarespace_images/content_v1_4fffa949e4b0b4590d67b4e7_1424598616855-J13C0ZMBYPDI9N1LC01I_IMG_6011.PNG_	/Users/jethrojones/jethro/to add to jethro site/squarespace_images/content_v1_4fffa949e4b0b4590d67b4e7_1424598616855-J13C0ZMBYPDI9N1LC01I_IMG_6011.PNG	/assets/squarespace/content_v1_4fffa949e4b0b4590d67b4e7_1424598616855-J13C0ZMBYPDI9N1LC01I_IMG_6011.PNG	optimized 806672->643981 resize_intermediate=806672
local_archive_image	/squarespace_images/content_v1_4fffa949e4b0b4590d67b4e7_1424598695860-CWTD30HNOXOBOGNPPUG8_image-asset.png_	/Users/jethrojones/jethro/to add to jethro site/squarespace_images/content_v1_4fffa949e4b0b4590d67b4e7_1424598695860-CWTD30HNOXOBOGNPPUG8_image-asset.png	/assets/squarespace/content_v1_4fffa949e4b0b4590d67b4e7_1424598695860-CWTD30HNOXOBOGNPPUG8_image-asset.png	optimized 828659->608320 resize_intermediate=828659
local_archive_image	/squarespace_images/content_v1_4fffa949e4b0b4590d67b4e7_1424598733147-33SUVTJZ6B6Z3KIJ02SL_image-asset.png_	/Users/jethrojones/jethro/to add to jethro site/squarespace_images/content_v1_4fffa949e4b0b4590d67b4e7_1424598733147-33SUVTJZ6B6Z3KIJ02SL_image-asset.png	/assets/squarespace/content_v1_4fffa949e4b0b4590d67b4e7_1424598733147-33SUVTJZ6B6Z3KIJ02SL_image-asset.png	optimized 619284->479224 resize_intermediate=619284
local_archive_image	/squarespace_images/content_v1_4fffa949e4b0b4590d67b4e7_1424598904512-B4SH1B7SVUMBXLKZU841_image-asset.jpeg_	/Users/jethrojones/jethro/to add to jethro site/squarespace_images/content_v1_4fffa949e4b0b4590d67b4e7_1424598904512-B4SH1B7SVUMBXLKZU841_image-asset.jpeg	/assets/squarespace/content_v1_4fffa949e4b0b4590d67b4e7_1424598904512-B4SH1B7SVUMBXLKZU841_image-asset.jpeg	optimized 149705->140989 resize_intermediate=149705
local_archive_image	/squarespace_images/content_v1_4fffa949e4b0b4590d67b4e7_1428652437069-FII9DT14QWI14NV490K4_image-asset.jpeg_	/Users/jethrojones/jethro/to add to jethro site/squarespace_images/content_v1_4fffa949e4b0b4590d67b4e7_1428652437069-FII9DT14QWI14NV490K4_image-asset.jpeg	/assets/squarespace/content_v1_4fffa949e4b0b4590d67b4e7_1428652437069-FII9DT14QWI14NV490K4_image-asset.jpeg	optimized 1171604->549851 resize_intermediate=549851
local_archive_image	/squarespace_images/content_v1_4fffa949e4b0b4590d67b4e7_1432051747076-NXKWQX5T20B8QLC6M3UU_image-asset.png_	/Users/jethrojones/jethro/to add to jethro site/squarespace_images/content_v1_4fffa949e4b0b4590d67b4e7_1432051747076-NXKWQX5T20B8QLC6M3UU_image-asset.png	/assets/squarespace/content_v1_4fffa949e4b0b4590d67b4e7_1432051747076-NXKWQX5T20B8QLC6M3UU_image-asset.png	optimized 272148->238245 resize_intermediate=272148
local_archive_image	/squarespace_images/content_v1_4fffa949e4b0b4590d67b4e7_1432051779087-OBTORRLLSILBWG95OEFZ_image-asset.png_	/Users/jethrojones/jethro/to add to jethro site/squarespace_images/content_v1_4fffa949e4b0b4590d67b4e7_1432051779087-OBTORRLLSILBWG95OEFZ_image-asset.png	/assets/squarespace/content_v1_4fffa949e4b0b4590d67b4e7_1432051779087-OBTORRLLSILBWG95OEFZ_image-asset.png	optimized 50064->50064 resize_intermediate=50064
local_archive_image	/squarespace_images/content_v1_4fffa949e4b0b4590d67b4e7_1432051836121-CNY8Z63IKS7L6ITRHIWD_IMG_6725.PNG_	/Users/jethrojones/jethro/to add to jethro site/squarespace_images/content_v1_4fffa949e4b0b4590d67b4e7_1432051836121-CNY8Z63IKS7L6ITRHIWD_IMG_6725.PNG	/assets/squarespace/content_v1_4fffa949e4b0b4590d67b4e7_1432051836121-CNY8Z63IKS7L6ITRHIWD_IMG_6725.PNG	optimized 323980->266941 resize_intermediate=323980
local_archive_image	/squarespace_images/content_v1_4fffa949e4b0b4590d67b4e7_1432052016771-O5EA8T8RKCL0DLJ48H2V_image-asset.png_	/Users/jethrojones/jethro/to add to jethro site/squarespace_images/content_v1_4fffa949e4b0b4590d67b4e7_1432052016771-O5EA8T8RKCL0DLJ48H2V_image-asset.png	/assets/squarespace/content_v1_4fffa949e4b0b4590d67b4e7_1432052016771-O5EA8T8RKCL0DLJ48H2V_image-asset.png	optimized 46452->46452 resize_intermediate=46452
local_archive_image	/squarespace_images/content_v1_4fffa949e4b0b4590d67b4e7_1432135334952-U6D1TDESQ93YZYQ3HG2F_image-asset.jpeg_	/Users/jethrojones/jethro/to add to jethro site/squarespace_images/content_v1_4fffa949e4b0b4590d67b4e7_1432135334952-U6D1TDESQ93YZYQ3HG2F_image-asset.jpeg	/assets/squarespace/content_v1_4fffa949e4b0b4590d67b4e7_1432135334952-U6D1TDESQ93YZYQ3HG2F_image-asset.jpeg	optimized 29186->23913 resize_intermediate=29186
local_archive_image	/squarespace_images/content_v1_4fffa949e4b0b4590d67b4e7_1432135380790-HZO8FCCSAWOU0W4E6QNJ_image-asset.jpeg_	/Users/jethrojones/jethro/to add to jethro site/squarespace_images/content_v1_4fffa949e4b0b4590d67b4e7_1432135380790-HZO8FCCSAWOU0W4E6QNJ_image-asset.jpeg	/assets/squarespace/content_v1_4fffa949e4b0b4590d67b4e7_1432135380790-HZO8FCCSAWOU0W4E6QNJ_image-asset.jpeg	optimized 19777->14301 resize_intermediate=19777
local_archive_image	/squarespace_images/content_v1_4fffa949e4b0b4590d67b4e7_1437465743519-CVWU8OWDAH4XBL92H5VF_image-asset.jpeg_	/Users/jethrojones/jethro/to add to jethro site/squarespace_images/content_v1_4fffa949e4b0b4590d67b4e7_1437465743519-CVWU8OWDAH4XBL92H5VF_image-asset.jpeg	/assets/squarespace/content_v1_4fffa949e4b0b4590d67b4e7_1437465743519-CVWU8OWDAH4XBL92H5VF_image-asset.jpeg	optimized 85260->83428 resize_intermediate=85260
local_archive_image	/squarespace_images/content_v1_4fffa949e4b0b4590d67b4e7_1485185461973-EJJ8GWT0ZX6TIS5I1K1R_IMG_3726-2-.JPG_	/Users/jethrojones/jethro/to add to jethro site/squarespace_images/content_v1_4fffa949e4b0b4590d67b4e7_1485185461973-EJJ8GWT0ZX6TIS5I1K1R_IMG_3726-2-.JPG	/assets/squarespace/content_v1_4fffa949e4b0b4590d67b4e7_1485185461973-EJJ8GWT0ZX6TIS5I1K1R_IMG_3726-2-.JPG	optimized 691411->672472 resize_intermediate=672472
local_archive_image	/squarespace_images/content_v1_4fffa949e4b0b4590d67b4e7_1488814229755-M866V9LSYVPS0DLCN41P_image-asset.png_	/Users/jethrojones/jethro/to add to jethro site/squarespace_images/content_v1_4fffa949e4b0b4590d67b4e7_1488814229755-M866V9LSYVPS0DLCN41P_image-asset.png	/assets/squarespace/content_v1_4fffa949e4b0b4590d67b4e7_1488814229755-M866V9LSYVPS0DLCN41P_image-asset.png	optimized 130455->130455 resize_intermediate=130455
local_archive_image	/squarespace_images/content_v1_4fffa949e4b0b4590d67b4e7_1514992019296-CDE25WF69S6RA1GINW5G_Tanana+Four+Year+Plan_	/Users/jethrojones/jethro/to add to jethro site/squarespace_images/content_v1_4fffa949e4b0b4590d67b4e7_1514992019296-CDE25WF69S6RA1GINW5G_Tanana+Four+Year+Plan_	/assets/squarespace/content_v1_4fffa949e4b0b4590d67b4e7_1514992019296-CDE25WF69S6RA1GINW5G_Tanana+Four+Year+Plan.png	optimized 1169873->1648442 resize_intermediate=1648442
local_archive_image	/squarespace_images/content_v1_4fffa949e4b0b4590d67b4e7_1518983765989-1AHG1KVVWSWY7YLW44OE_Screenshot-2018-01-11-at-6.17.11-AM-1024x307.png	/Users/jethrojones/jethro/to add to jethro site/squarespace_images/content_v1_4fffa949e4b0b4590d67b4e7_1518983765989-1AHG1KVVWSWY7YLW44OE_Screenshot-2018-01-11-at-6.17.11-AM-1024x307.png	/assets/squarespace/content_v1_4fffa949e4b0b4590d67b4e7_1518983765989-1AHG1KVVWSWY7YLW44OE_Screenshot-2018-01-11-at-6.17.11-AM-1024x307.png	optimized 223607->223607 resize_intermediate=223607
local_archive_image	/squarespace_images/content_v1_4fffa949e4b0b4590d67b4e7_1518984143212-PC932O1HQI9WZETR6PQ8_JPEG+image-D8BA98CCAC65-1.jpeg_	/Users/jethrojones/jethro/to add to jethro site/squarespace_images/content_v1_4fffa949e4b0b4590d67b4e7_1518984143212-PC932O1HQI9WZETR6PQ8_JPEG+image-D8BA98CCAC65-1.jpeg	/assets/squarespace/content_v1_4fffa949e4b0b4590d67b4e7_1518984143212-PC932O1HQI9WZETR6PQ8_JPEG+image-D8BA98CCAC65-1.jpeg	optimized 203779->220347 resize_intermediate=220347
local_archive_image	/squarespace_images/content_v1_4fffa949e4b0b4590d67b4e7_1519067613091-HE6FF6NB4NR9I8SB9KZ0_JPEG+image-E60C5B262442-1.jpeg_	/Users/jethrojones/jethro/to add to jethro site/squarespace_images/content_v1_4fffa949e4b0b4590d67b4e7_1519067613091-HE6FF6NB4NR9I8SB9KZ0_JPEG+image-E60C5B262442-1.jpeg	/assets/squarespace/content_v1_4fffa949e4b0b4590d67b4e7_1519067613091-HE6FF6NB4NR9I8SB9KZ0_JPEG+image-E60C5B262442-1.jpeg	optimized 452023->432661 resize_intermediate=432661
local_archive_image	/squarespace_images/content_v1_4fffa949e4b0b4590d67b4e7_1519149616002-Z8ZVHPPPGI9WIIXMDF89_BDEB35BC-50C2-4E91-A8D0-DA2102822C5C.JPG_	/Users/jethrojones/jethro/to add to jethro site/squarespace_images/content_v1_4fffa949e4b0b4590d67b4e7_1519149616002-Z8ZVHPPPGI9WIIXMDF89_BDEB35BC-50C2-4E91-A8D0-DA2102822C5C.JPG	/assets/squarespace/content_v1_4fffa949e4b0b4590d67b4e7_1519149616002-Z8ZVHPPPGI9WIIXMDF89_BDEB35BC-50C2-4E91-A8D0-DA2102822C5C.JPG	optimized 336735->336735 resize_intermediate=336735
local_archive_image	/squarespace_images/content_v1_4fffa949e4b0b4590d67b4e7_1530544506224-NO00SWAZZFWNS26GLNV4_TL_logo+1000px.jpg_	/Users/jethrojones/jethro/to add to jethro site/squarespace_images/content_v1_4fffa949e4b0b4590d67b4e7_1530544506224-NO00SWAZZFWNS26GLNV4_TL_logo+1000px.jpg	/assets/squarespace/content_v1_4fffa949e4b0b4590d67b4e7_1530544506224-NO00SWAZZFWNS26GLNV4_TL_logo+1000px.jpg	optimized 377142->185000 resize_intermediate=377142
local_archive_image	/squarespace_images/content_v1_4fffa949e4b0b4590d67b4e7_1530544613723-B57YW3HGDUN2Z4OJYO28_141FE38F-E7D6-4C20-BF22-BD900674B96B.jpg_	/Users/jethrojones/jethro/to add to jethro site/squarespace_images/content_v1_4fffa949e4b0b4590d67b4e7_1530544613723-B57YW3HGDUN2Z4OJYO28_141FE38F-E7D6-4C20-BF22-BD900674B96B.jpg	/assets/squarespace/content_v1_4fffa949e4b0b4590d67b4e7_1530544613723-B57YW3HGDUN2Z4OJYO28_141FE38F-E7D6-4C20-BF22-BD900674B96B.jpg	optimized 348712->348712 resize_intermediate=348712
local_archive_image	/squarespace_images/content_v1_4fffa949e4b0b4590d67b4e7_1530544640857-UNG7RNDFUDCYZFHXBOAX_84C74720-AFCD-4A47-950D-360FDEAEE4CF.jpg_	/Users/jethrojones/jethro/to add to jethro site/squarespace_images/content_v1_4fffa949e4b0b4590d67b4e7_1530544640857-UNG7RNDFUDCYZFHXBOAX_84C74720-AFCD-4A47-950D-360FDEAEE4CF.jpg	/assets/squarespace/content_v1_4fffa949e4b0b4590d67b4e7_1530544640857-UNG7RNDFUDCYZFHXBOAX_84C74720-AFCD-4A47-950D-360FDEAEE4CF.jpg	optimized 319512->319512 resize_intermediate=319512
local_archive_image	/squarespace_images/content_v1_4fffa949e4b0b4590d67b4e7_1543130709430-UM4MXA1LVDJ4SAQFLFP8_IMG_6958.jpg_	/Users/jethrojones/jethro/to add to jethro site/squarespace_images/content_v1_4fffa949e4b0b4590d67b4e7_1543130709430-UM4MXA1LVDJ4SAQFLFP8_IMG_6958.jpg	/assets/squarespace/content_v1_4fffa949e4b0b4590d67b4e7_1543130709430-UM4MXA1LVDJ4SAQFLFP8_IMG_6958.jpg	optimized 909379->857096 resize_intermediate=857096
local_archive_image	/squarespace_images/content_v1_4fffa949e4b0b4590d67b4e7_1544197599591-IQ75VOLZSKAFGLF5NJUI_1play.jpg_	/Users/jethrojones/jethro/to add to jethro site/squarespace_images/content_v1_4fffa949e4b0b4590d67b4e7_1544197599591-IQ75VOLZSKAFGLF5NJUI_1play.jpg	/assets/squarespace/content_v1_4fffa949e4b0b4590d67b4e7_1544197599591-IQ75VOLZSKAFGLF5NJUI_1play.jpg	optimized 1062183->466400 resize_intermediate=1062183
local_archive_image	/squarespace_images/content_v1_4fffa949e4b0b4590d67b4e7_1544712583655-FECOPQQEAYLPFDAYF3GT_UNADJUSTEDNONRAW_thumb_2bc1.jpg_	/Users/jethrojones/jethro/to add to jethro site/squarespace_images/content_v1_4fffa949e4b0b4590d67b4e7_1544712583655-FECOPQQEAYLPFDAYF3GT_UNADJUSTEDNONRAW_thumb_2bc1.jpg	/assets/squarespace/content_v1_4fffa949e4b0b4590d67b4e7_1544712583655-FECOPQQEAYLPFDAYF3GT_UNADJUSTEDNONRAW_thumb_2bc1.jpg	optimized 439459->212882 resize_intermediate=439459
local_archive_image	/squarespace_images/content_v1_4fffa949e4b0b4590d67b4e7_1544854535742-29HMDTSEWB3QGCFGDNRC_IMG_7033.JPG_	/Users/jethrojones/jethro/to add to jethro site/squarespace_images/content_v1_4fffa949e4b0b4590d67b4e7_1544854535742-29HMDTSEWB3QGCFGDNRC_IMG_7033.JPG	/assets/squarespace/content_v1_4fffa949e4b0b4590d67b4e7_1544854535742-29HMDTSEWB3QGCFGDNRC_IMG_7033.JPG	optimized 539870->539998 resize_intermediate=539998
local_archive_image	/squarespace_images/content_v1_4fffa949e4b0b4590d67b4e7_1544854596586-7FOG52OLULL4UHSPLNVH_image-asset.png_	/Users/jethrojones/jethro/to add to jethro site/squarespace_images/content_v1_4fffa949e4b0b4590d67b4e7_1544854596586-7FOG52OLULL4UHSPLNVH_image-asset.png	/assets/squarespace/content_v1_4fffa949e4b0b4590d67b4e7_1544854596586-7FOG52OLULL4UHSPLNVH_image-asset.png	optimized 62537->62537 resize_intermediate=62537
local_archive_image	/squarespace_images/content_v1_4fffa949e4b0b4590d67b4e7_1544854659605-KWGC4VTKG7T0YAV4BRQF_image-asset.png_	/Users/jethrojones/jethro/to add to jethro site/squarespace_images/content_v1_4fffa949e4b0b4590d67b4e7_1544854659605-KWGC4VTKG7T0YAV4BRQF_image-asset.png	/assets/squarespace/content_v1_4fffa949e4b0b4590d67b4e7_1544854659605-KWGC4VTKG7T0YAV4BRQF_image-asset.png	optimized 72385->72385 resize_intermediate=72385
local_archive_image	/squarespace_images/content_v1_4fffa949e4b0b4590d67b4e7_1545512930255-182II4B4DS5WHX9AYK42_Roles+in+Trauma+Informed+Schools.jpg_	/Users/jethrojones/jethro/to add to jethro site/squarespace_images/content_v1_4fffa949e4b0b4590d67b4e7_1545512930255-182II4B4DS5WHX9AYK42_Roles+in+Trauma+Informed+Schools.jpg	/assets/squarespace/content_v1_4fffa949e4b0b4590d67b4e7_1545512930255-182II4B4DS5WHX9AYK42_Roles+in+Trauma+Informed+Schools.jpg	optimized 517039->514141 resize_intermediate=514141
local_archive_image	/squarespace_images/content_v1_4fffa949e4b0b4590d67b4e7_1545513078598-0SIHKY7MZDSRJ06AZLC7_Roles+in+Trauma+Informed+Schools+black.jpg_	/Users/jethrojones/jethro/to add to jethro site/squarespace_images/content_v1_4fffa949e4b0b4590d67b4e7_1545513078598-0SIHKY7MZDSRJ06AZLC7_Roles+in+Trauma+Informed+Schools+black.jpg	/assets/squarespace/content_v1_4fffa949e4b0b4590d67b4e7_1545513078598-0SIHKY7MZDSRJ06AZLC7_Roles+in+Trauma+Informed+Schools+black.jpg	optimized 518305->516817 resize_intermediate=516817
local_archive_image	/squarespace_images/content_v1_4fffa949e4b0b4590d67b4e7_1547003123538-XHPYIWVHEJHPAQYIP2C4_image-asset.png_	/Users/jethrojones/jethro/to add to jethro site/squarespace_images/content_v1_4fffa949e4b0b4590d67b4e7_1547003123538-XHPYIWVHEJHPAQYIP2C4_image-asset.png	/assets/squarespace/content_v1_4fffa949e4b0b4590d67b4e7_1547003123538-XHPYIWVHEJHPAQYIP2C4_image-asset.png	optimized 1284410->1852335 resize_intermediate=1852335
local_archive_image	/squarespace_images/content_v1_4fffa949e4b0b4590d67b4e7_1548625710414-CBXP4UVU7BMKUSB99NBN_Screenshot+2019-01-27+12.44.56.png_	/Users/jethrojones/jethro/to add to jethro site/squarespace_images/content_v1_4fffa949e4b0b4590d67b4e7_1548625710414-CBXP4UVU7BMKUSB99NBN_Screenshot+2019-01-27+12.44.56.png	/assets/squarespace/content_v1_4fffa949e4b0b4590d67b4e7_1548625710414-CBXP4UVU7BMKUSB99NBN_Screenshot+2019-01-27+12.44.56.png	optimized 52110->52110 resize_intermediate=52110
local_archive_image	/squarespace_images/content_v1_4fffa949e4b0b4590d67b4e7_1550447454644-GGA48CIQ02WY97AS0L4V_Screenshot+2019-02-17+14.49.59.png_	/Users/jethrojones/jethro/to add to jethro site/squarespace_images/content_v1_4fffa949e4b0b4590d67b4e7_1550447454644-GGA48CIQ02WY97AS0L4V_Screenshot+2019-02-17+14.49.59.png	/assets/squarespace/content_v1_4fffa949e4b0b4590d67b4e7_1550447454644-GGA48CIQ02WY97AS0L4V_Screenshot+2019-02-17+14.49.59.png	optimized 2460043->2192724 resize_intermediate=2192724
local_archive_image	/squarespace_images/content_v1_4fffa949e4b0b4590d67b4e7_1550447723022-N3M3PDMLSE5BNY5UGAFT_infographic.jpg_	/Users/jethrojones/jethro/to add to jethro site/squarespace_images/content_v1_4fffa949e4b0b4590d67b4e7_1550447723022-N3M3PDMLSE5BNY5UGAFT_infographic.jpg	/assets/squarespace/content_v1_4fffa949e4b0b4590d67b4e7_1550447723022-N3M3PDMLSE5BNY5UGAFT_infographic.jpg	optimized 466688->445966 resize_intermediate=466688
local_archive_image	/squarespace_images/content_v1_4fffa949e4b0b4590d67b4e7_1550448072061-Q3E6ZN50028V8UVSLBF9_Screenshot+2019-02-17+15.00.45.png_	/Users/jethrojones/jethro/to add to jethro site/squarespace_images/content_v1_4fffa949e4b0b4590d67b4e7_1550448072061-Q3E6ZN50028V8UVSLBF9_Screenshot+2019-02-17+15.00.45.png	/assets/squarespace/content_v1_4fffa949e4b0b4590d67b4e7_1550448072061-Q3E6ZN50028V8UVSLBF9_Screenshot+2019-02-17+15.00.45.png	optimized 1698982->1519235 resize_intermediate=1698982
local_archive_image	/squarespace_images/content_v1_4fffa949e4b0b4590d67b4e7_1550448173539-EXGD5T1ZP5HZUUM4MHJA_Screenshot+2019-02-17+15.02.39.png_	/Users/jethrojones/jethro/to add to jethro site/squarespace_images/content_v1_4fffa949e4b0b4590d67b4e7_1550448173539-EXGD5T1ZP5HZUUM4MHJA_Screenshot+2019-02-17+15.02.39.png	/assets/squarespace/content_v1_4fffa949e4b0b4590d67b4e7_1550448173539-EXGD5T1ZP5HZUUM4MHJA_Screenshot+2019-02-17+15.02.39.png	optimized 357768->350316 resize_intermediate=357768
local_archive_image	/squarespace_images/content_v1_4fffa949e4b0b4590d67b4e7_1561420752193-EINNWRRBE4WI596J273H_1200x630bb.png_	/Users/jethrojones/jethro/to add to jethro site/squarespace_images/content_v1_4fffa949e4b0b4590d67b4e7_1561420752193-EINNWRRBE4WI596J273H_1200x630bb.png	/assets/squarespace/content_v1_4fffa949e4b0b4590d67b4e7_1561420752193-EINNWRRBE4WI596J273H_1200x630bb.png	optimized 196133->196133 resize_intermediate=196133
local_archive_image	/squarespace_images/content_v1_4fffa949e4b0b4590d67b4e7_1561420860935-3FMEFKMCIT16PX4HM36M_Word-icon.png_	/Users/jethrojones/jethro/to add to jethro site/squarespace_images/content_v1_4fffa949e4b0b4590d67b4e7_1561420860935-3FMEFKMCIT16PX4HM36M_Word-icon.png	/assets/squarespace/content_v1_4fffa949e4b0b4590d67b4e7_1561420860935-3FMEFKMCIT16PX4HM36M_Word-icon.png	optimized 3723->3723 resize_intermediate=3723
local_archive_image	/squarespace_images/content_v1_4fffa949e4b0b4590d67b4e7_1561585926534-TTVG6QKT5A82B8PNF55O_IMG_0572.jpeg_	/Users/jethrojones/jethro/website/assets/content_v1_4fffa949e4b0b4590d67b4e7_1561585926534-TTVG6QKT5A82B8PNF55O_IMG_0572.jpeg	/assets/squarespace/content_v1_4fffa949e4b0b4590d67b4e7_1561585926534-TTVG6QKT5A82B8PNF55O_IMG_0572.jpeg	optimized 1060880->951731 resize_intermediate=951731
local_archive_image	/squarespace_images/content_v1_4fffa949e4b0b4590d67b4e7_1570154867171-4O5NK7LWGQNRDJU1M131_ReWire+Design+Thinking+Handout.png_	/Users/jethrojones/jethro/to add to jethro site/squarespace_images/content_v1_4fffa949e4b0b4590d67b4e7_1570154867171-4O5NK7LWGQNRDJU1M131_ReWire+Design+Thinking+Handout.png	/assets/squarespace/content_v1_4fffa949e4b0b4590d67b4e7_1570154867171-4O5NK7LWGQNRDJU1M131_ReWire+Design+Thinking+Handout.png	optimized 84140->84140 resize_intermediate=84140
local_archive_image	/squarespace_images/content_v1_4fffa949e4b0b4590d67b4e7_1570155131228-UMLF7E45BNY7S2SJ2FGU_IMG_1377.jpg_	/Users/jethrojones/jethro/to add to jethro site/squarespace_images/content_v1_4fffa949e4b0b4590d67b4e7_1570155131228-UMLF7E45BNY7S2SJ2FGU_IMG_1377.jpg	/assets/squarespace/content_v1_4fffa949e4b0b4590d67b4e7_1570155131228-UMLF7E45BNY7S2SJ2FGU_IMG_1377.jpg	optimized 185484->185484 resize_intermediate=185484
local_archive_image	/squarespace_images/content_v1_4fffa949e4b0b4590d67b4e7_1571942958045-BWXSMR4GYLE2RMSYXRFV_Screenshot+2019-10-24+10.42.48.png_	/Users/jethrojones/jethro/to add to jethro site/squarespace_images/content_v1_4fffa949e4b0b4590d67b4e7_1571942958045-BWXSMR4GYLE2RMSYXRFV_Screenshot+2019-10-24+10.42.48.png	/assets/squarespace/content_v1_4fffa949e4b0b4590d67b4e7_1571942958045-BWXSMR4GYLE2RMSYXRFV_Screenshot+2019-10-24+10.42.48.png	optimized 44883->44883 resize_intermediate=44883
local_archive_image	/squarespace_images/content_v1_4fffa949e4b0b4590d67b4e7_1571943091913-9WI993BY8IJKK0T1OF9S_image-asset.png_	/Users/jethrojones/jethro/to add to jethro site/squarespace_images/content_v1_4fffa949e4b0b4590d67b4e7_1571943091913-9WI993BY8IJKK0T1OF9S_image-asset.png	/assets/squarespace/content_v1_4fffa949e4b0b4590d67b4e7_1571943091913-9WI993BY8IJKK0T1OF9S_image-asset.png	optimized 5007->5007 resize_intermediate=5007
local_archive_image	/squarespace_images/content_v1_4fffa949e4b0b4590d67b4e7_1571943250076-LD2UQ63GMS8UUDKCM6C3_Screenshot+2019-10-24+10.43.02.png_	/Users/jethrojones/jethro/to add to jethro site/squarespace_images/content_v1_4fffa949e4b0b4590d67b4e7_1571943250076-LD2UQ63GMS8UUDKCM6C3_Screenshot+2019-10-24+10.43.02.png	/assets/squarespace/content_v1_4fffa949e4b0b4590d67b4e7_1571943250076-LD2UQ63GMS8UUDKCM6C3_Screenshot+2019-10-24+10.43.02.png	optimized 32582->32582 resize_intermediate=32582
local_archive_image	/squarespace_images/content_v1_4fffa949e4b0b4590d67b4e7_1571943273940-IMUEBOEMQ0TZFA7ZFDS7_image-asset.png_	/Users/jethrojones/jethro/to add to jethro site/squarespace_images/content_v1_4fffa949e4b0b4590d67b4e7_1571943273940-IMUEBOEMQ0TZFA7ZFDS7_image-asset.png	/assets/squarespace/content_v1_4fffa949e4b0b4590d67b4e7_1571943273940-IMUEBOEMQ0TZFA7ZFDS7_image-asset.png	optimized 34980->34980 resize_intermediate=34980
local_archive_image	/squarespace_images/content_v1_4fffa949e4b0b4590d67b4e7_1573138546223-O9QHLT26NJ90VWK0GRYB_IMG_1811.jpg_	/Users/jethrojones/jethro/to add to jethro site/squarespace_images/content_v1_4fffa949e4b0b4590d67b4e7_1573138546223-O9QHLT26NJ90VWK0GRYB_IMG_1811.jpg	/assets/squarespace/content_v1_4fffa949e4b0b4590d67b4e7_1573138546223-O9QHLT26NJ90VWK0GRYB_IMG_1811.jpg	optimized 319802->338039 resize_intermediate=338039
local_archive_image	/squarespace_images/content_v1_4fffa949e4b0b4590d67b4e7_1573138792252-88RL8UR4E5C61BFY6QMN_783E0D93-6778-4FD3-AAA5-A2F382902CB3.JPG_	/Users/jethrojones/jethro/to add to jethro site/squarespace_images/content_v1_4fffa949e4b0b4590d67b4e7_1573138792252-88RL8UR4E5C61BFY6QMN_783E0D93-6778-4FD3-AAA5-A2F382902CB3.JPG	/assets/squarespace/content_v1_4fffa949e4b0b4590d67b4e7_1573138792252-88RL8UR4E5C61BFY6QMN_783E0D93-6778-4FD3-AAA5-A2F382902CB3.JPG	optimized 575505->725774 resize_intermediate=725774
local_archive_image	/squarespace_images/content_v1_4fffa949e4b0b4590d67b4e7_1575866146386-PKHMDNQ3UIXYGEWKKITI_IMG_0171.png_	/Users/jethrojones/jethro/to add to jethro site/squarespace_images/content_v1_4fffa949e4b0b4590d67b4e7_1575866146386-PKHMDNQ3UIXYGEWKKITI_IMG_0171.png	/assets/squarespace/content_v1_4fffa949e4b0b4590d67b4e7_1575866146386-PKHMDNQ3UIXYGEWKKITI_IMG_0171.png	optimized 1695158->1570491 resize_intermediate=1570491
local_archive_image	/squarespace_images/content_v1_4fffa949e4b0b4590d67b4e7_1582003080950-MOWB7UDJZNPA14R6BN3R_image-asset.jpeg_	/Users/jethrojones/jethro/to add to jethro site/squarespace_images/content_v1_4fffa949e4b0b4590d67b4e7_1582003080950-MOWB7UDJZNPA14R6BN3R_image-asset.jpeg	/assets/squarespace/content_v1_4fffa949e4b0b4590d67b4e7_1582003080950-MOWB7UDJZNPA14R6BN3R_image-asset.jpeg	optimized 314086->254000 resize_intermediate=254000
local_archive_image	/squarespace_images/content_v1_4fffa949e4b0b4590d67b4e7_1582003129553-76ZQSSXU20H0XVV03Y4R_image-asset.png_	/Users/jethrojones/jethro/to add to jethro site/squarespace_images/content_v1_4fffa949e4b0b4590d67b4e7_1582003129553-76ZQSSXU20H0XVV03Y4R_image-asset.png	/assets/squarespace/content_v1_4fffa949e4b0b4590d67b4e7_1582003129553-76ZQSSXU20H0XVV03Y4R_image-asset.png	optimized 15878->15878 resize_intermediate=15878
local_archive_image	/squarespace_images/content_v1_4fffa949e4b0b4590d67b4e7_1582557741478-1UBOOG26BF6KITWEQ1XU_5StagesMountain+large.png_	/Users/jethrojones/jethro/to add to jethro site/squarespace_images/content_v1_4fffa949e4b0b4590d67b4e7_1582557741478-1UBOOG26BF6KITWEQ1XU_5StagesMountain+large.png	/assets/squarespace/content_v1_4fffa949e4b0b4590d67b4e7_1582557741478-1UBOOG26BF6KITWEQ1XU_5StagesMountain+large.png	optimized 702131->787538 resize_intermediate=787538
local_archive_image	/squarespace_images/content_v1_4fffa949e4b0b4590d67b4e7_1582732574826-JJTGJ2FOKRLTRQZC48E4_CompassGuideSageSimple.png_	/Users/jethrojones/jethro/to add to jethro site/squarespace_images/content_v1_4fffa949e4b0b4590d67b4e7_1582732574826-JJTGJ2FOKRLTRQZC48E4_CompassGuideSageSimple.png	/assets/squarespace/content_v1_4fffa949e4b0b4590d67b4e7_1582732574826-JJTGJ2FOKRLTRQZC48E4_CompassGuideSageSimple.png	optimized 129621->129621 resize_intermediate=129621
local_archive_image	/squarespace_images/content_v1_4fffa949e4b0b4590d67b4e7_1584625295581-9ODZ0L4VKX22H71SCZX6_testing.jpg_	/Users/jethrojones/jethro/to add to jethro site/squarespace_images/content_v1_4fffa949e4b0b4590d67b4e7_1584625295581-9ODZ0L4VKX22H71SCZX6_testing.jpg	/assets/squarespace/content_v1_4fffa949e4b0b4590d67b4e7_1584625295581-9ODZ0L4VKX22H71SCZX6_testing.jpg	optimized 824729->732278 resize_intermediate=732278
local_archive_image	/squarespace_images/content_v1_4fffa949e4b0b4590d67b4e7_1584726993993-80UF1LODLAM0CGN03FN6_IMG_3044.jpg_	/Users/jethrojones/jethro/to add to jethro site/squarespace_images/content_v1_4fffa949e4b0b4590d67b4e7_1584726993993-80UF1LODLAM0CGN03FN6_IMG_3044.jpg	/assets/squarespace/content_v1_4fffa949e4b0b4590d67b4e7_1584726993993-80UF1LODLAM0CGN03FN6_IMG_3044.jpg	optimized 41050->41050 resize_intermediate=41050
local_archive_image	/squarespace_images/content_v1_4fffa949e4b0b4590d67b4e7_1584727050360-EPVAEA3IKE561MAZB53Q_IMG_3045.jpg_	/Users/jethrojones/jethro/to add to jethro site/squarespace_images/content_v1_4fffa949e4b0b4590d67b4e7_1584727050360-EPVAEA3IKE561MAZB53Q_IMG_3045.jpg	/assets/squarespace/content_v1_4fffa949e4b0b4590d67b4e7_1584727050360-EPVAEA3IKE561MAZB53Q_IMG_3045.jpg	optimized 70012->70012 resize_intermediate=70012
local_archive_image	/squarespace_images/content_v1_4fffa949e4b0b4590d67b4e7_1584727169034-LYO33PHH7ALH23F1YLAE_IMG_8C89CF6DDCF9-1.jpeg_	/Users/jethrojones/jethro/to add to jethro site/squarespace_images/content_v1_4fffa949e4b0b4590d67b4e7_1584727169034-LYO33PHH7ALH23F1YLAE_IMG_8C89CF6DDCF9-1.jpeg	/assets/squarespace/content_v1_4fffa949e4b0b4590d67b4e7_1584727169034-LYO33PHH7ALH23F1YLAE_IMG_8C89CF6DDCF9-1.jpeg	optimized 28015->28015 resize_intermediate=28015
local_archive_image	/squarespace_images/content_v1_4fffa949e4b0b4590d67b4e7_1584727264852-XEB4RSN32DNQJNGZ26CT_IMG_3043.jpg_	/Users/jethrojones/jethro/to add to jethro site/squarespace_images/content_v1_4fffa949e4b0b4590d67b4e7_1584727264852-XEB4RSN32DNQJNGZ26CT_IMG_3043.jpg	/assets/squarespace/content_v1_4fffa949e4b0b4590d67b4e7_1584727264852-XEB4RSN32DNQJNGZ26CT_IMG_3043.jpg	optimized 33258->33258 resize_intermediate=33258
local_archive_image	/squarespace_images/content_v1_4fffa949e4b0b4590d67b4e7_1584975942825-RK62E9BN1JBX12SKY6H0_Screenshot+2020-03-23+06.35.57.png_	/Users/jethrojones/jethro/to add to jethro site/squarespace_images/content_v1_4fffa949e4b0b4590d67b4e7_1584975942825-RK62E9BN1JBX12SKY6H0_Screenshot+2020-03-23+06.35.57.png	/assets/squarespace/content_v1_4fffa949e4b0b4590d67b4e7_1584975942825-RK62E9BN1JBX12SKY6H0_Screenshot+2020-03-23+06.35.57.png	optimized 78435->78435 resize_intermediate=78435
local_archive_image	/squarespace_images/content_v1_4fffa949e4b0b4590d67b4e7_1585101022042-RBLHU8AG2F590LMOGLKH_maslow-s-hierarchy-of-needs--scalable-vector-illustration-655400474-5c6a47f246e0fb000165cb0a.jpg_	/Users/jethrojones/jethro/to add to jethro site/squarespace_images/content_v1_4fffa949e4b0b4590d67b4e7_1585101022042-RBLHU8AG2F590LMOGLKH_maslow-s-hierarchy-of-needs--scalable-vector-illustration-655400474-5c6a47f246e0fb000165cb0a.jpg	/assets/squarespace/content_v1_4fffa949e4b0b4590d67b4e7_1585101022042-RBLHU8AG2F590LMOGLKH_maslow-s-hierarchy-of-needs--scalable-vector-illustration-655400474-5c6a47f246e0fb000165cb0a.jpg	optimized 57799->57799 resize_intermediate=57799
local_archive_image	/squarespace_images/content_v1_4fffa949e4b0b4590d67b4e7_1585868318367-UL3E59AL6SD7LQ7GY5O6_Screenshot+2020-04-02+14.30.15.png_	/Users/jethrojones/jethro/to add to jethro site/squarespace_images/content_v1_4fffa949e4b0b4590d67b4e7_1585868318367-UL3E59AL6SD7LQ7GY5O6_Screenshot+2020-04-02+14.30.15.png	/assets/squarespace/content_v1_4fffa949e4b0b4590d67b4e7_1585868318367-UL3E59AL6SD7LQ7GY5O6_Screenshot+2020-04-02+14.30.15.png	optimized 45439->45439 resize_intermediate=45439
local_archive_image	/squarespace_images/content_v1_4fffa949e4b0b4590d67b4e7_1585868470756-TPUFQLPJ2YOV36GS5QW7_IMG_4016.jpg_	/Users/jethrojones/jethro/to add to jethro site/squarespace_images/content_v1_4fffa949e4b0b4590d67b4e7_1585868470756-TPUFQLPJ2YOV36GS5QW7_IMG_4016.jpg	/assets/squarespace/content_v1_4fffa949e4b0b4590d67b4e7_1585868470756-TPUFQLPJ2YOV36GS5QW7_IMG_4016.jpg	optimized 148358->148358 resize_intermediate=148358
local_archive_image	/squarespace_images/content_v1_4fffa949e4b0b4590d67b4e7_1591106238935-RMMG6R2NVLHX4ZZ8YWA4_Screenshot+2020-06-02+06.47.39.png_	/Users/jethrojones/jethro/to add to jethro site/squarespace_images/content_v1_4fffa949e4b0b4590d67b4e7_1591106238935-RMMG6R2NVLHX4ZZ8YWA4_Screenshot+2020-06-02+06.47.39.png	/assets/squarespace/content_v1_4fffa949e4b0b4590d67b4e7_1591106238935-RMMG6R2NVLHX4ZZ8YWA4_Screenshot+2020-06-02+06.47.39.png	optimized 115962->115962 resize_intermediate=115962
local_archive_image	/squarespace_images/content_v1_4fffa949e4b0b4590d67b4e7_1594747691421-Y14SRESDTL5XDHEIGTHF_SchoolX+cover+front.jpg_	/Users/jethrojones/jethro/to add to jethro site/squarespace_images/content_v1_4fffa949e4b0b4590d67b4e7_1594747691421-Y14SRESDTL5XDHEIGTHF_SchoolX+cover+front.jpg	/assets/squarespace/content_v1_4fffa949e4b0b4590d67b4e7_1594747691421-Y14SRESDTL5XDHEIGTHF_SchoolX+cover+front.jpg	optimized 117687->117687 resize_intermediate=117687
local_archive_image	/squarespace_images/content_v1_4fffa949e4b0b4590d67b4e7_1594834827168-DCX3ZW9QQDH9OHAMH8X2_image-asset.jpeg_	/Users/jethrojones/jethro/to add to jethro site/squarespace_images/content_v1_4fffa949e4b0b4590d67b4e7_1594834827168-DCX3ZW9QQDH9OHAMH8X2_image-asset.jpeg	/assets/squarespace/content_v1_4fffa949e4b0b4590d67b4e7_1594834827168-DCX3ZW9QQDH9OHAMH8X2_image-asset.jpeg	optimized 223131->218599 resize_intermediate=218599
local_archive_image	/squarespace_images/content_v1_4fffa949e4b0b4590d67b4e7_1594835121811-WGERZJHG6UN5I0AP915M_image-asset.jpeg_	/Users/jethrojones/jethro/to add to jethro site/squarespace_images/content_v1_4fffa949e4b0b4590d67b4e7_1594835121811-WGERZJHG6UN5I0AP915M_image-asset.jpeg	/assets/squarespace/content_v1_4fffa949e4b0b4590d67b4e7_1594835121811-WGERZJHG6UN5I0AP915M_image-asset.jpeg	optimized 617863->464127 resize_intermediate=464127
local_archive_image	/squarespace_images/content_v1_4fffa949e4b0b4590d67b4e7_1594835179178-80EKXIC4UIJEEOMC9O3G_image-asset.jpeg_	/Users/jethrojones/jethro/to add to jethro site/squarespace_images/content_v1_4fffa949e4b0b4590d67b4e7_1594835179178-80EKXIC4UIJEEOMC9O3G_image-asset.jpeg	/assets/squarespace/content_v1_4fffa949e4b0b4590d67b4e7_1594835179178-80EKXIC4UIJEEOMC9O3G_image-asset.jpeg	optimized 420256->315163 resize_intermediate=315163
local_archive_image	/squarespace_images/content_v1_4fffa949e4b0b4590d67b4e7_1594835222529-42E5YLQ08TJ67I30TPBO_image-asset.jpeg_	/Users/jethrojones/jethro/to add to jethro site/squarespace_images/content_v1_4fffa949e4b0b4590d67b4e7_1594835222529-42E5YLQ08TJ67I30TPBO_image-asset.jpeg	/assets/squarespace/content_v1_4fffa949e4b0b4590d67b4e7_1594835222529-42E5YLQ08TJ67I30TPBO_image-asset.jpeg	optimized 946016->610470 resize_intermediate=610470
local_archive_image	/squarespace_images/content_v1_4fffa949e4b0b4590d67b4e7_1594835425486-8QQXGQSAUIDJOUDPQ064_image-asset.jpeg_	/Users/jethrojones/jethro/to add to jethro site/squarespace_images/content_v1_4fffa949e4b0b4590d67b4e7_1594835425486-8QQXGQSAUIDJOUDPQ064_image-asset.jpeg	/assets/squarespace/content_v1_4fffa949e4b0b4590d67b4e7_1594835425486-8QQXGQSAUIDJOUDPQ064_image-asset.jpeg	optimized 916407->690652 resize_intermediate=690652
local_archive_image	/squarespace_images/content_v1_4fffa949e4b0b4590d67b4e7_1600101125453-XTNPBKWVSF1L28PAD6U4_Screen+Shot+2020-08-04+at+1.46.59+PM.png_	/Users/jethrojones/jethro/to add to jethro site/squarespace_images/content_v1_4fffa949e4b0b4590d67b4e7_1600101125453-XTNPBKWVSF1L28PAD6U4_Screen+Shot+2020-08-04+at+1.46.59+PM.png	/assets/squarespace/content_v1_4fffa949e4b0b4590d67b4e7_1600101125453-XTNPBKWVSF1L28PAD6U4_Screen+Shot+2020-08-04+at+1.46.59+PM.png	optimized 428821->428821 resize_intermediate=428821
local_archive_image	/squarespace_images/content_v1_4fffa949e4b0b4590d67b4e7_1600102924930-0VC7D3NL39FLICRF9XPX_IMG_31C61D882E06-1.jpeg_	/Users/jethrojones/jethro/to add to jethro site/squarespace_images/content_v1_4fffa949e4b0b4590d67b4e7_1600102924930-0VC7D3NL39FLICRF9XPX_IMG_31C61D882E06-1.jpeg	/assets/squarespace/content_v1_4fffa949e4b0b4590d67b4e7_1600102924930-0VC7D3NL39FLICRF9XPX_IMG_31C61D882E06-1.jpeg	optimized 460906->493994 resize_intermediate=493994
local_archive_image	/squarespace_images/content_v1_4fffa949e4b0b4590d67b4e7_1620149468495-AY5ZO97PG56NGI5283UC_IMG_AAB58DE4EEFB-1.jpeg_	/Users/jethrojones/jethro/to add to jethro site/squarespace_images/content_v1_4fffa949e4b0b4590d67b4e7_1620149468495-AY5ZO97PG56NGI5283UC_IMG_AAB58DE4EEFB-1.jpeg	/assets/squarespace/content_v1_4fffa949e4b0b4590d67b4e7_1620149468495-AY5ZO97PG56NGI5283UC_IMG_AAB58DE4EEFB-1.jpeg	optimized 276892->305718 resize_intermediate=305718
local_archive_image	/squarespace_images/content_v1_4fffa949e4b0b4590d67b4e7_1622049689340-09BSA125J588G9JUNAEC_Trauma+Podcast+Map.jpg_	/Users/jethrojones/jethro/to add to jethro site/squarespace_images/content_v1_4fffa949e4b0b4590d67b4e7_1622049689340-09BSA125J588G9JUNAEC_Trauma+Podcast+Map.jpg	/assets/squarespace/content_v1_4fffa949e4b0b4590d67b4e7_1622049689340-09BSA125J588G9JUNAEC_Trauma+Podcast+Map.jpg	optimized 120425->120425 resize_intermediate=120425
local_archive_image	/squarespace_images/content_v1_4fffa949e4b0b4590d67b4e7_1629318348017-RGHQ4TA0LSQLFZMD80GZ_5stagesSDL+white.jpg_	/Users/jethrojones/jethro/to add to jethro site/squarespace_images/content_v1_4fffa949e4b0b4590d67b4e7_1629318348017-RGHQ4TA0LSQLFZMD80GZ_5stagesSDL+white.jpg	/assets/squarespace/content_v1_4fffa949e4b0b4590d67b4e7_1629318348017-RGHQ4TA0LSQLFZMD80GZ_5stagesSDL+white.jpg	optimized 227170->227170 resize_intermediate=227170
local_archive_image	/squarespace_images/content_v1_4fffa949e4b0b4590d67b4e7_230ec813-eadf-4b4e-9328-7fc7278e3217_IMG_1329_edited.jpg_	/Users/jethrojones/jethro/to add to jethro site/squarespace_images/content_v1_4fffa949e4b0b4590d67b4e7_230ec813-eadf-4b4e-9328-7fc7278e3217_IMG_1329_edited.jpg	/assets/squarespace/content_v1_4fffa949e4b0b4590d67b4e7_230ec813-eadf-4b4e-9328-7fc7278e3217_IMG_1329_edited.jpg	optimized 38167->38167 resize_intermediate=38167
local_archive_image	/squarespace_images/content_v1_4fffa949e4b0b4590d67b4e7_2d7d85e9-ee5c-4602-9063-f20c34a9fa1f_be_logo.jpg_	/Users/jethrojones/jethro/to add to jethro site/squarespace_images/content_v1_4fffa949e4b0b4590d67b4e7_2d7d85e9-ee5c-4602-9063-f20c34a9fa1f_be_logo.jpg	/assets/squarespace/content_v1_4fffa949e4b0b4590d67b4e7_2d7d85e9-ee5c-4602-9063-f20c34a9fa1f_be_logo.jpg	optimized 178796->182057 resize_intermediate=182057
local_archive_image	/squarespace_images/content_v1_4fffa949e4b0b4590d67b4e7_907ba9ee-bb1d-473a-bb38-2badec340e98_be_logo+under512.jpg_	/Users/jethrojones/jethro/to add to jethro site/squarespace_images/content_v1_4fffa949e4b0b4590d67b4e7_907ba9ee-bb1d-473a-bb38-2badec340e98_be_logo+under512.jpg	/assets/squarespace/content_v1_4fffa949e4b0b4590d67b4e7_907ba9ee-bb1d-473a-bb38-2badec340e98_be_logo+under512.jpg	optimized 169360->180671 resize_intermediate=180671
local_archive_image	/squarespace_images/content_v1_4fffa949e4b0b4590d67b4e7_a70a02cd-261c-470a-98d8-132a844ebe8d_how2be+cover.png_	/Users/jethrojones/jethro/to add to jethro site/squarespace_images/content_v1_4fffa949e4b0b4590d67b4e7_a70a02cd-261c-470a-98d8-132a844ebe8d_how2be+cover.png	/assets/squarespace/content_v1_4fffa949e4b0b4590d67b4e7_a70a02cd-261c-470a-98d8-132a844ebe8d_how2be+cover.png	optimized 837722->837722 resize_intermediate=837722
local_archive_image	/squarespace_images/content_v1_4fffa949e4b0b4590d67b4e7_e0ed1b67-d39d-4919-831f-22b76299de11_studio+square.jpg_	/Users/jethrojones/jethro/to add to jethro site/squarespace_images/content_v1_4fffa949e4b0b4590d67b4e7_e0ed1b67-d39d-4919-831f-22b76299de11_studio+square.jpg	/assets/squarespace/content_v1_4fffa949e4b0b4590d67b4e7_e0ed1b67-d39d-4919-831f-22b76299de11_studio+square.jpg	optimized 212300->212300 resize_intermediate=212300
local_archive_image	/squarespace_images/content_v1_4fffa949e4b0b4590d67b4e7_f4b6e16e-e75b-4df7-b62a-41a804aae8c7_Create_an_image_that_shows_a_teacher_overburdened_with_grading_in_her_classroom.png_	/Users/jethrojones/jethro/to add to jethro site/squarespace_images/content_v1_4fffa949e4b0b4590d67b4e7_f4b6e16e-e75b-4df7-b62a-41a804aae8c7_Create_an_image_that_shows_a_teacher_overburdened_with_grading_in_her_classroom.png	/assets/squarespace/content_v1_4fffa949e4b0b4590d67b4e7_f4b6e16e-e75b-4df7-b62a-41a804aae8c7_Create_an_image_that_shows_a_teacher_overburdened_with_grading_in_her_classroom.png	optimized 1266529->1266529 resize_intermediate=1266529
local_archive_image	/squarespace_images/content_v1_52a74d9ae4b0253945d2aee9_1535394848185-CGDDU4QCIRSO4U1270H3_image-asset.jpeg_	/Users/jethrojones/jethro/to add to jethro site/squarespace_images/content_v1_52a74d9ae4b0253945d2aee9_1535394848185-CGDDU4QCIRSO4U1270H3_image-asset.jpeg	/assets/squarespace/content_v1_52a74d9ae4b0253945d2aee9_1535394848185-CGDDU4QCIRSO4U1270H3_image-asset.jpeg	optimized 314133->147654 resize_intermediate=314133
local_archive_image	/squarespace_images/content_v1_52a74d9ae4b0253945d2aee9_1535394867157-MTQAOAQPKWQ68DDY1HTW_tumblr_mn8b8sLRb61rkz363o1_1280.jpg_	/Users/jethrojones/jethro/to add to jethro site/squarespace_images/content_v1_52a74d9ae4b0253945d2aee9_1535394867157-MTQAOAQPKWQ68DDY1HTW_tumblr_mn8b8sLRb61rkz363o1_1280.jpg	/assets/squarespace/content_v1_52a74d9ae4b0253945d2aee9_1535394867157-MTQAOAQPKWQ68DDY1HTW_tumblr_mn8b8sLRb61rkz363o1_1280.jpg	optimized 561847->276395 resize_intermediate=561847
remote_archive_image	https://squarespacecdn.com/squarespace_images/content_v1_4fffa949e4b0b4590d67b4e7_1518983765989-1AHG1KVVWSWY7YLW44OE_Screenshot-2018-01-11-at-6.17.11-AM-1024x307.png	/Users/jethrojones/jethro/to add to jethro site/squarespace_images/content_v1_4fffa949e4b0b4590d67b4e7_1518983765989-1AHG1KVVWSWY7YLW44OE_Screenshot-2018-01-11-at-6.17.11-AM-1024x307.png	/assets/squarespace/content_v1_4fffa949e4b0b4590d67b4e7_1518983765989-1AHG1KVVWSWY7YLW44OE_Screenshot-2018-01-11-at-6.17.11-AM-1024x307.png	optimized 223607->223607 resize_intermediate=223607
remote_downloaded_image	http://static.squarespace.com/static/4fffa949e4b0b4590d67b4e7/t/502bb29cc4aa7ecb517a2184/1345041052312/	http://static.squarespace.com/static/4fffa949e4b0b4590d67b4e7/t/502bb29cc4aa7ecb517a2184/1345041052312/	/assets/squarespace/1345041052312.jpg	optimized 361959->186692 resize_intermediate=361959
remote_downloaded_image	http://static1.squarespace.com/static/4fffa949e4b0b4590d67b4e7/5e4b71af4849d23c8fa36d66/5e4b71ae4849d23c8fa36c70/1582002606867/JPEG-image-8BA89DC5E0F6-1.jpeg?format=original	http://static1.squarespace.com/static/4fffa949e4b0b4590d67b4e7/5e4b71af4849d23c8fa36d66/5e4b71ae4849d23c8fa36c70/1582002606867/JPEG-image-8BA89DC5E0F6-1.jpeg?format=original	/assets/squarespace/JPEG-image-8BA89DC5E0F6-1.jpeg	optimized 36592->36592 resize_intermediate=36592
remote_left_external	http://static1.squarespace.com/static/4fffa949e4b0b4590d67b4e7/5e4b71b14849d23c8fa36d80/5e4b722b4849d23c8fa37798/1582002731915/episode1045?format=original			not an image embed
remote_downloaded_image	http://static1.squarespace.com/static/4fffa949e4b0b4590d67b4e7/5e4b71b24849d23c8fa36d94/5e4b71ae4849d23c8fa36af9/1582002606335/Pinterest.jpg?format=original	http://static1.squarespace.com/static/4fffa949e4b0b4590d67b4e7/5e4b71b24849d23c8fa36d94/5e4b71ae4849d23c8fa36af9/1582002606335/Pinterest.jpg?format=original	/assets/squarespace/Pinterest.jpg	optimized 123374->123374 resize_intermediate=123374
remote_downloaded_image	http://static1.squarespace.com/static/4fffa949e4b0b4590d67b4e7/5e4b71b24849d23c8fa36d9c/5e4b71ae4849d23c8fa36b6b/1582002606643/Screenshot-2018-02-16-09.53.40.png?format=original	http://static1.squarespace.com/static/4fffa949e4b0b4590d67b4e7/5e4b71b24849d23c8fa36d9c/5e4b71ae4849d23c8fa36b6b/1582002606643/Screenshot-2018-02-16-09.53.40.png?format=original	/assets/squarespace/Screenshot-2018-02-16-09.53.40.png	optimized 474564->474564 resize_intermediate=474564
remote_downloaded_image	http://static1.squarespace.com/static/4fffa949e4b0b4590d67b4e7/5e4b71b24849d23c8fa36db2/5e4b71ae4849d23c8fa36bbf/1582002606714/Listen_on_Apple_Podcasts_CMYK_US.jpg?format=original	http://static1.squarespace.com/static/4fffa949e4b0b4590d67b4e7/5e4b71b24849d23c8fa36db2/5e4b71ae4849d23c8fa36bbf/1582002606714/Listen_on_Apple_Podcasts_CMYK_US.jpg?format=original	/assets/squarespace/Listen_on_Apple_Podcasts_CMYK_US.jpg	optimized 6900->6900 resize_intermediate=6900
remote_downloaded_image	https://images.squarespace-cdn.com/content/v1/4fffa949e4b0b4590d67b4e7/03ca150a-5d71-4eb4-b2d8-64fd85667190/CleanShot+2023-06-14+at+13.25.57%402x.png	https://images.squarespace-cdn.com/content/v1/4fffa949e4b0b4590d67b4e7/03ca150a-5d71-4eb4-b2d8-64fd85667190/CleanShot+2023-06-14+at+13.25.57%402x.png	/assets/squarespace/CleanShot+2023-06-14+at+13.25.57%402x.png	optimized 155940->155940 resize_intermediate=155940
remote_downloaded_image	https://images.squarespace-cdn.com/content/v1/4fffa949e4b0b4590d67b4e7/1514992019296-CDE25WF69S6RA1GINW5G/Tanana+Four+Year+Plan	https://images.squarespace-cdn.com/content/v1/4fffa949e4b0b4590d67b4e7/1514992019296-CDE25WF69S6RA1GINW5G/Tanana+Four+Year+Plan	/assets/squarespace/Tanana+Four+Year+Plan.png	optimized 1169873->1648442 resize_intermediate=1648442
remote_downloaded_image	https://images.squarespace-cdn.com/content/v1/4fffa949e4b0b4590d67b4e7/1622049689340-09BSA125J588G9JUNAEC/Trauma+Podcast+Map.jpg	https://images.squarespace-cdn.com/content/v1/4fffa949e4b0b4590d67b4e7/1622049689340-09BSA125J588G9JUNAEC/Trauma+Podcast+Map.jpg	/assets/squarespace/Trauma+Podcast+Map.jpg	optimized 120425->120425 resize_intermediate=120425
remote_file_replaced	http://static.squarespace.com/static/4fffa949e4b0b4590d67b4e7/t/50211ab7e4b03f6f4d1a4ad6/1344346807454/	/assets/PBIS+as+medicine.ppt	/assets/PBIS+as+medicine.ppt	existing local file
remote_file_replaced	http://static.squarespace.com/static/4fffa949e4b0b4590d67b4e7/t/50211c5be4b098a90b8f085b/1344347227530/	/assets/PBIS+as+medicine.key	/assets/PBIS+as+medicine.key	existing local file
